iter	Logloss
0	0.6246246567
1	0.5405624029
2	0.4847634204
3	0.4278532804
4	0.3896721912
5	0.3573227291
6	0.3285108948
7	0.3158226168
8	0.2900247122
9	0.2779575618
