iter	Logloss
0	0.1820235364
1	0.0915672273
