iter	Logloss
0	0.6687171754
1	0.5660813162
